{"train_loss":0.21404612064361572,"val_acc":0.949999988079071,"trainer/global_step":1499,"_step":34,"_wandb":{"runtime":101},"_runtime":101.360582262,"val_loss":0.15871581435203552,"epoch":4,"_timestamp":1.736680370738111e+09,"train_acc":0.9200000166893005}