{"loss":0.12962218632300695,"_timestamp":1.7364255727824507e+09,"_runtime":175.940827524,"_step":9,"_wandb":{"runtime":176},"epoch":9}